{
  "incumbent_ids": [
    1,
    15
  ],
  "rejected_config_ids": [],
  "incumbents_changed": 2,
  "trajectory": [
    {
      "config_ids": [
        1
      ],
      "costs": [
        [
          0.6922540543247001,
          1.2046589851379395
        ]
      ],
      "trial": 1,
      "walltime": 1.7463114261627197
    },
    {
      "config_ids": [
        1,
        15
      ],
      "costs": [
        [
          0.6922540543247001,
          1.2046589851379395
        ],
        [
          0.4368816889309037,
          7.828646421432495
        ]
      ],
      "trial": 2,
      "walltime": 8.75135326385498
    }
  ],
  "state": {
    "tracker": {
      "0,0": [
        [
          0,
          [
            {
              "bootstrap": true,
              "ccp_alpha": 0.0,
              "criterion": "gini",
              "max_depth": 500,
              "max_features": 0.5,
              "max_leaf_nodes": 505,
              "min_impurity_decrease": 0.0,
              "min_samples_leaf": 1,
              "min_samples_split": 0.5,
              "min_weight_fraction_leaf": 0.0,
              "n_estimators": 100,
              "warm_start": false,
              "class_weight": "balanced",
              "max_samples": 0.5,
              "oob_score": false
            },
            {
              "bootstrap": false,
              "ccp_alpha": 0.0007151893663724195,
              "criterion": "entropy",
              "max_depth": 545,
              "max_features": 0.4236547993389047,
              "max_leaf_nodes": 650,
              "min_impurity_decrease": 0.00875174422525385,
              "min_samples_leaf": 9,
              "min_samples_split": 0.9636627605010293,
              "min_weight_fraction_leaf": 0.038344151882577775,
              "n_estimators": 7920,
              "warm_start": false,
              "class_weight": "balanced_subsample"
            },
            {
              "bootstrap": true,
              "ccp_alpha": 2.021839744032572e-05,
              "criterion": "log_loss",
              "max_depth": 779,
              "max_features": 0.8700121482468192,
              "max_leaf_nodes": 979,
              "min_impurity_decrease": 0.015983171284334474,
              "min_samples_leaf": 5,
              "min_samples_split": 0.7805291762864555,
              "min_weight_fraction_leaf": 0.011827442586893323,
              "n_estimators": 6403,
              "warm_start": true,
              "max_samples": 0.5218483217500717,
              "oob_score": true
            },
            {
              "bootstrap": true,
              "ccp_alpha": 0.0007742336894342167,
              "criterion": "entropy",
              "max_depth": 569,
              "max_features": 0.018789800436355142,
              "max_leaf_nodes": 622,
              "min_impurity_decrease": 0.012241914454448428,
              "min_samples_leaf": 7,
              "min_samples_split": 0.9437480785146242,
              "min_weight_fraction_leaf": 0.06818202991034834,
              "n_estimators": 3601,
              "warm_start": true,
              "max_samples": 0.06022547162926983,
              "oob_score": false
            },
            {
              "bootstrap": false,
              "ccp_alpha": 0.0002103825610738409,
              "criterion": "gini",
              "max_depth": 316,
              "max_features": 0.3637107709426226,
              "max_leaf_nodes": 575,
              "min_impurity_decrease": 0.008772030269246407,
              "min_samples_leaf": 10,
              "min_samples_split": 0.10204481074802807,
              "min_weight_fraction_leaf": 0.020887675609483472,
              "n_estimators": 1621,
              "warm_start": false,
              "class_weight": "balanced"
            },
            {
              "bootstrap": true,
              "ccp_alpha": 0.00011037514116430514,
              "criterion": "entropy",
              "max_depth": 139,
              "max_features": 0.1965823616800535,
              "max_leaf_nodes": 375,
              "min_impurity_decrease": 0.016419864596958704,
              "min_samples_leaf": 1,
              "min_samples_split": 0.8379449074988039,
              "min_weight_fraction_leaf": 0.009609840789396307,
              "n_estimators": 9765,
              "warm_start": true,
              "max_samples": 0.604845519745046,
              "oob_score": false
            },
            {
              "bootstrap": true,
              "ccp_alpha": 0.0002828069625764096,
              "criterion": "gini",
              "max_depth": 297,
              "max_features": 0.11872771895424405,
              "max_leaf_nodes": 325,
              "min_impurity_decrease": 0.0082852598902934,
              "min_samples_leaf": 1,
              "min_samples_split": 0.6924721193700198,
              "min_weight_fraction_leaf": 0.05666014542065752,
              "n_estimators": 2661,
              "warm_start": false,
              "class_weight": "balanced",
              "max_samples": 0.5759464955561793,
              "oob_score": false
            },
            {
              "bootstrap": true,
              "ccp_alpha": 0.0006674103799636817,
              "criterion": "gini",
              "max_depth": 717,
              "max_features": 0.2894060929472011,
              "max_leaf_nodes": 191,
              "min_impurity_decrease": 0.011730258696201663,
              "min_samples_leaf": 1,
              "min_samples_split": 0.8289400292173631,
              "min_weight_fraction_leaf": 0.0004695476192547066,
              "n_estimators": 6782,
              "warm_start": true,
              "max_samples": 0.9621885451174382,
              "oob_score": true
            },
            {
              "bootstrap": false,
              "ccp_alpha": 0.000592041931271839,
              "criterion": "entropy",
              "max_depth": 224,
              "max_features": 0.952749011516985,
              "max_leaf_nodes": 453,
              "min_impurity_decrease": 0.016928173449422556,
              "min_samples_leaf": 7,
              "min_samples_split": 0.29743695085513366,
              "min_weight_fraction_leaf": 0.08137978197024773,
              "n_estimators": 3971,
              "warm_start": false,
              "class_weight": "balanced_subsample"
            }
          ]
        ],
        [
          0,
          [
            {
              "bootstrap": false,
              "ccp_alpha": 0.00011753185596203309,
              "criterion": "entropy",
              "max_depth": 133,
              "max_features": 0.7168596811925937,
              "max_leaf_nodes": 402,
              "min_impurity_decrease": 0.01130842623717018,
              "min_samples_leaf": 2,
              "min_samples_split": 0.14484775934337724,
              "min_weight_fraction_leaf": 0.04880562806489546,
              "n_estimators": 3562,
              "warm_start": false,
              "class_weight": "balanced_subsample"
            },
            {
              "bootstrap": true,
              "ccp_alpha": 0.0005521924699224066,
              "criterion": "entropy",
              "max_depth": 962,
              "max_features": 0.29214752679254885,
              "max_leaf_nodes": 248,
              "min_impurity_decrease": 0.002005878845309956,
              "min_samples_leaf": 1,
              "min_samples_split": 0.9295293167921905,
              "min_weight_fraction_leaf": 0.066991654659091,
              "n_estimators": 7854,
              "warm_start": true,
              "max_samples": 0.06395526612098112,
              "oob_score": true
            },
            {
              "bootstrap": false,
              "ccp_alpha": 0.0008765052453165908,
              "criterion": "entropy",
              "max_depth": 962,
              "max_features": 0.2317016264712045,
              "max_leaf_nodes": 950,
              "min_impurity_decrease": 0.018827554094129974,
              "min_samples_leaf": 8,