{
  "stats": {
    "submitted": 18,
    "finished": 3,
    "running": 15
  },
  "data": [
    [
      1,
      null,
      209652396,
      0.1111111111111111,
      [
        0.6922540543247001,
        1.2046589851379395
      ],
      1.204667329788208,
      1,
      1709475770.9397948,
      1709475772.150136,
      {}
    ],
    [
      2,
      null,
      209652396,
      0.1111111111111111,
      2147483647.0,
      0.0,
      0,
      0.0,
      0.0,
      {}
    ],
    [
      3,
      null,
      209652396,
      0.1111111111111111,
      2147483647.0,
      0.0,
      0,
      0.0,
      0.0,
      {}
    ],
    [
      4,
      null,
      209652396,
      0.1111111111111111,
      2147483647.0,
      0.0,
      0,
      0.0,
      0.0,
      {}
    ],
    [
      5,
      null,
      209652396,
      0.1111111111111111,
      [
        0.42795193884464683,
        11.864972352981567
      ],
      11.86497950553894,
      1,
      1709475771.001442,
      1709475782.8688376,
      {}
    ],
    [
      6,
      null,
      209652396,
      0.1111111111111111,
      2147483647.0,
      0.0,
      0,
      0.0,
      0.0,
      {}
    ],
    [
      7,
      null,
      209652396,
      0.1111111111111111,
      2147483647.0,
      0.0,
      0,
      0.0,
      0.0,
      {}
    ],
    [
      8,
      null,
      209652396,
      0.1111111111111111,
      2147483647.0,
      0.0,
      0,
      0.0,
      0.0,
      {}
    ],
    [
      9,
      null,
      209652396,
      0.1111111111111111,
      2147483647.0,
      0.0,
      0,
      0.0,
      0.0,
      {}
    ],
    [
      10,
      null,
      209652396,
      0.3333333333333333,
      2147483647.0,
      0.0,
      0,
      0.0,
      0.0,
      {}
    ],
    [
      11,
      null,
      209652396,
      0.3333333333333333,
      2147483647.0,
      0.0,
      0,
      0.0,
      0.0,
      {}
    ],
    [
      12,
      null,
      209652396,
      0.3333333333333333,
      2147483647.0,
      0.0,
      0,
      0.0,
      0.0,
      {}
    ],
    [
      13,
      null,
      209652396,
      0.3333333333333333,
      2147483647.0,
      0.0,
      0,
      0.0,
      0.0,
      {}
    ],
    [
      14,
      null,
      209652396,
      0.3333333333333333,
      2147483647.0,
      0.0,
      0,
      0.0,
      0.0,
      {}
    ],
    [
      15,
      null,
      209652396,
      1.0,
      [
        0.4368816889309037,
        7.828646421432495
      ],
      7.828651428222656,
      1,
      1709475771.3048694,
      1709475779.1352975,
      {}
    ],
    [
      16,
      null,
      209652396,
      1.0,
      2147483647.0,
      0.0,
      0,
      0.0,
      0.0,
      {}
    ],
    [
      17,
      null,
      209652396,
      1.0,
      2147483647.0,
      0.0,
      0,
      0.0,
      0.0,
      {}
    ],
    [
      18,
      null,
      209652396,
      0.1111111111111111,
      2147483647.0,
      0.0,
      0,
      0.0,
      0.0,
      {}
    ]
  ],
  "configs": {
    "1": {
      "bootstrap": true,
      "ccp_alpha": 0.0,
      "criterion": "gini",
      "max_depth": 500,
      "max_features": 0.5,
      "max_leaf_nodes": 505,
      "min_impurity_decrease": 0.0,
      "min_samples_leaf": 1,
      "min_samples_split": 0.5,
      "min_weight_fraction_leaf": 0.0,
      "n_estimators": 100,
      "warm_start": false,
      "class_weight": "balanced",
      "max_samples": 0.5,
      "oob_score": false
    },
    "2": {
      "bootstrap": false,
      "ccp_alpha": 0.0007151893663724195,
      "criterion": "entropy",
      "max_depth": 545,
      "max_features": 0.4236547993389047,
      "max_leaf_nodes": 650,
      "min_impurity_decrease": 0.00875174422525385,
      "min_samples_leaf": 9,
      "min_samples_split": 0.9636627605010293,
      "min_weight_fraction_leaf": 0.038344151882577775,
      "n_estimators": 7920,
      "warm_start": false,
      "class_weight": "balanced_subsample"
    },
    "3": {
      "bootstrap": true,
      "ccp_alpha": 2.021839744032572e-05,
      "criterion": "log_loss",
      "max_depth": 779,
      "max_features": 0.8700121482468192,
      "max_leaf_nodes": 979,
      "min_impurity_decrease": 0.015983171284334474,
      "min_samples_leaf": 5,
      "min_samples_split": 0.7805291762864555,
      "min_weight_fraction_leaf": 0.011827442586893323,
      "n_estimators": 6403,
      "warm_start": true,
      "max_samples": 0.5218483217500717,
      "oob_score": true
    },
    "4": {
      "bootstrap": true,
      "ccp_alpha": 0.0007742336894342167,
      "criterion": "entropy",
      "max_depth": 569,
      "max_features": 0.018789800436355142,
      "max_leaf_nodes": 622,
      "min_impurity_decrease": 0.012241914454448428,
      "min_samples_leaf": 7,
      "min_samples_split": 0.9437480785146242,
      "min_weight_fraction_leaf": 0.06818202991034834,
      "n_estimators": 3601,
      "warm_start": true,
      "max_samples": 0.06022547162926983,
      "oob_score": false
    },
    "5": {
      "bootstrap": false,
      "ccp_alpha": 0.0002103825610738409,
      "criterion": "gini",
      "max_depth": 316,
      "max_features": 0.3637107709426226,
      "max_leaf_nodes": 575,
      "min_impurity_decrease": 0.008772030269246407,
      "min_samples_leaf": 10,
      "min_samples_split": 0.10204481074802807,
      "min_weight_fraction_leaf": 0.020887675609483472,
      "n_estimators": 1621,
      "warm_start": false,
      "class_weight": "balanced"
    },
    "6": {
      "bootstrap": true,
      "ccp_alpha": 0.00011037514116430514,
      "criterion": "entropy",
      "max_depth": 139,
      "max_features": 0.1965823616800535,
      "max_leaf_nodes": 375,
      "min_impurity_decrease": 0.016419864596958704,
      "min_samples_leaf": 1,
      "min_samples_split": 0.8379449074988039,
      "min_weight_fraction_leaf": 0.009609840789396307,
      "n_estimators": 9765,
      "warm_start": true,
      "max_samples": 0.604845519745046,
      "oob_score": false
    },
    "7": {
      "bootstrap": true,
      "ccp_alpha": 0.0002828069625764096,
      "criterion": "gini",
      "max_depth": 297,
      "max_features": 0.11872771895424405,
      "max_leaf_nodes": 325,
      "min_impurity_decrease": 0.0082852598902934,
      "min_samples_leaf": 1,
      "min_samples_split": 0.6924721193700198,
      "min_weight_fraction_leaf": 0.05666014542065752,
      "n_estimators": 2661,
      "warm_start": false,
      "class_weight": "balanced",
      "max_samples": 0.5759464955561793,
      "oob_score": false
    },
    "8": {
      "bootstrap": true,
      "ccp_alpha": 0.0006674103799636817,
      "criterion": "gini",
      "max_depth": 717,
      "max_features": 0.2894060929472011,
      "max_leaf_nodes": 191,
      "min_impurity_decrease": 0.011730258696201663,
      "min_samples_leaf": 1,
      "min_samples_split": 0.8289400292173631,
      "min_weight_fraction_leaf": 0.0004695476192547066,
      "n_estimators": 6782,
      "warm_start": true,
      "max_samples": 0.9621885451174382,
      "oob_score": true
    },
    "9": {
      "bootstrap": false,
      "ccp_alpha": 0.000592041931271839,
      "criterion": "entropy",
      "max_depth": 224,
      "max_features": 0.952749011516985,
      "max_leaf_nodes": 453,
      "min_impurity_decrease": 0.016928173449422556,
      "min_samples_leaf": 7,
      "min_samples_split": 0.29743695085513366,
      "min_weight_fraction_leaf": 0.08137978197024773,
      "n_estimators": 3971,
      "warm_start": false,
      "class_weight": "balanced_subsample"
    },
    "10": {
      "bootstrap": false,
      "ccp_alpha": 0.0005013243819267022,
      "criterion": "log_loss",
      "max_depth": 644,
      "max_features": 0.4238550485581797,
      "max_leaf_nodes": 610,
      "min_impurity_decrease": 0.0003838639661866705,
      "min_samples_leaf": 4,
      "min_samples_split": 0.660173537492685,
      "min_weight_fraction_leaf": 0.02900776072104441,
      "n_estimators": 6184,
      "warm_start": true
    },